INSERT INTO roles (id, role_name, description) VALUES
(1, 'SUPER_ADMIN', 'Full system access'),
(2, 'ADMIN', 'Manages syllabus, users, and configuration'),
(3, 'PARENT', 'Views linked student progress'),
(4, 'STUDENT', 'Tracks own preparation progress');

ALTER SEQUENCE roles_id_seq RESTART WITH 5;

INSERT INTO users (id, role_id, full_name, email, mobile, password_hash, account_status) VALUES
(1, 2, 'Rahul Sharma', 'admin.rahul@jeeprep.com', '9876543210', 'admin.rahul@jeeprep.com_hash', 'ACTIVE'),
(2, 4, 'Aarav Patel', 'aarav.patel@student.com', '9111111111', 'aarav.patel@student.com_hash', 'ACTIVE'),
(3, 4, 'Diya Iyer', 'diya.iyer@student.com', '9222222222', 'diya.iyer@student.com_hash', 'ACTIVE'),
(4, 4, 'Kabir Mehta', 'kabir.mehta@student.com', '9333333333', 'kabir.mehta@student.com_hash', 'ACTIVE'),
(5, 4, 'Isha Verma', 'isha.verma@student.com', '9444444444', 'isha.verma@student.com_hash', 'ACTIVE'),
(6, 4, 'Vivaan Joshi', 'vivaan.joshi@student.com', '9555555555', 'vivaan.joshi@student.com_hash', 'ACTIVE'),
(7, 3, 'Suresh Patel', 'suresh.patel@parent.com', '8111111111', 'suresh.patel@parent.com_hash', 'ACTIVE'),
(8, 3, 'Meenakshi Iyer', 'meenakshi.iyer@parent.com', '8222222222', 'meenakshi.iyer@parent.com_hash', 'ACTIVE'),
(9, 3, 'Anil Mehta', 'anil.mehta@parent.com', '8333333333', 'anil.mehta@parent.com_hash', 'ACTIVE'),
(10, 3, 'Ritu Verma', 'ritu.verma@parent.com', '8444444444', 'ritu.verma@parent.com_hash', 'ACTIVE'),
(11, 3, 'Ramesh Joshi', 'ramesh.joshi@parent.com', '8555555555', 'ramesh.joshi@parent.com_hash', 'ACTIVE');

ALTER SEQUENCE users_id_seq RESTART WITH 12;

INSERT INTO student_profiles (id, user_id, target_exam_year, coaching_batch, school_name) VALUES
(1, 2, 2027, 'Mega Batch A', 'Delhi Public School'),
(2, 3, 2027, 'Droppers Elite', 'Kendriya Vidyalaya'),
(3, 4, 2028, 'Foundation Batch', 'St. Xaviers'),
(4, 5, 2027, 'Mega Batch B', 'DAV Public School'),
(5, 6, 2028, 'Foundation Batch', 'Podar International');

ALTER SEQUENCE student_profiles_id_seq RESTART WITH 6;

INSERT INTO parent_student_links (id, parent_user_id, student_user_id, relationship, link_status, approved_by, approved_at) VALUES
(1, 7, 2, 'Father', 'APPROVED', 1, CURRENT_TIMESTAMP),
(2, 8, 3, 'Mother', 'APPROVED', 1, CURRENT_TIMESTAMP),
(3, 9, 4, 'Father', 'APPROVED', 1, CURRENT_TIMESTAMP),
(4, 10, 5, 'Mother', 'APPROVED', 1, CURRENT_TIMESTAMP),
(5, 11, 6, 'Father', 'APPROVED', 1, CURRENT_TIMESTAMP);

ALTER SEQUENCE parent_student_links_id_seq RESTART WITH 6;

INSERT INTO exams (id, exam_name, exam_code, description, status) VALUES
(1, 'IIT-JEE Main', 'JEE_MAIN', 'Preparation tracker for IIT-JEE Main', 'ACTIVE'),
(2, 'IIT-JEE Advanced', 'JEE_ADVANCED', 'Preparation tracker for IIT-JEE Advanced', 'ACTIVE');

ALTER SEQUENCE exams_id_seq RESTART WITH 3;

INSERT INTO subjects (id, exam_id, subject_name, display_order, status) VALUES
(1, 1, 'Mathematics', 1, 'ACTIVE'),
(2, 1, 'Physics', 2, 'ACTIVE'),
(3, 1, 'Chemistry', 3, 'ACTIVE');

ALTER SEQUENCE subjects_id_seq RESTART WITH 4;

INSERT INTO chapters (id, subject_id, chapter_name, display_order, importance_weight, difficulty_level, estimated_hours, status) VALUES
(1, 1, 'Sets, Relations and Functions', 1, 1.94, 'MEDIUM', 1.94, 'ACTIVE'),
(2, 1, 'Complex Numbers', 2, 2.37, 'MEDIUM', 2.37, 'ACTIVE'),
(3, 1, 'Quadratic Equations', 3, 1.73, 'MEDIUM', 1.73, 'ACTIVE'),
(4, 1, 'Matrices and Determinants', 4, 2.7, 'MEDIUM', 2.7, 'ACTIVE'),
(5, 1, 'Permutations, Combinations & Binomial', 5, 2.16, 'MEDIUM', 2.16, 'ACTIVE'),
(6, 1, 'Sequence and Series', 6, 2.37, 'MEDIUM', 2.37, 'ACTIVE'),
(7, 1, 'Trigonometry', 7, 3.02, 'HARD', 3.02, 'ACTIVE'),
(8, 1, 'Coordinate Geometry (Lines & Circles)', 8, 3.45, 'HARD', 3.45, 'ACTIVE'),
(9, 1, 'Conic Sections', 9, 3.45, 'HARD', 3.45, 'ACTIVE'),
(10, 1, 'Limit, Continuity & Differentiability', 10, 4.85, 'HARD', 4.85, 'ACTIVE'),
(11, 1, 'Integral Calculus', 11, 4.85, 'HARD', 4.85, 'ACTIVE'),
(12, 1, 'Differential Equations', 12, 2.37, 'MEDIUM', 2.37, 'ACTIVE'),
(13, 1, 'Vector Algebra & 3D Geometry', 13, 3.24, 'HARD', 3.24, 'ACTIVE'),
(14, 1, 'Statistics and Probability', 14, 3.24, 'HARD', 3.24, 'ACTIVE'),
(15, 2, 'Units and Measurements', 1, 0.86, 'EASY', 0.86, 'ACTIVE'),
(16, 2, 'Kinematics', 2, 2.59, 'MEDIUM', 2.59, 'ACTIVE'),
(17, 2, 'Laws of Motion', 3, 2.16, 'MEDIUM', 2.16, 'ACTIVE'),
(18, 2, 'Work, Energy and Power', 4, 2.59, 'MEDIUM', 2.59, 'ACTIVE'),
(19, 2, 'Rotational Motion', 5, 3.24, 'HARD', 3.24, 'ACTIVE'),
(20, 2, 'Gravitation', 6, 1.73, 'MEDIUM', 1.73, 'ACTIVE'),
(21, 2, 'Properties of Solids and Liquids', 7, 2.59, 'MEDIUM', 2.59, 'ACTIVE'),
(22, 2, 'Thermodynamics', 8, 2.16, 'MEDIUM', 2.16, 'ACTIVE'),
(23, 2, 'Kinetic Theory of Gases', 9, 1.08, 'MEDIUM', 1.08, 'ACTIVE'),
(24, 2, 'Oscillations', 10, 1.73, 'MEDIUM', 1.73, 'ACTIVE'),
(25, 2, 'Waves', 11, 1.51, 'MEDIUM', 1.51, 'ACTIVE'),
(26, 2, 'Electrostatics', 12, 3.24, 'HARD', 3.24, 'ACTIVE'),
(27, 2, 'Current Electricity', 13, 2.59, 'MEDIUM', 2.59, 'ACTIVE'),
(28, 2, 'Magnetic Effects & Magnetism', 14, 2.59, 'MEDIUM', 2.59, 'ACTIVE'),
(29, 2, 'Electromagnetic Induction', 15, 2.16, 'MEDIUM', 2.16, 'ACTIVE'),
(30, 2, 'Alternating Currents', 16, 1.73, 'MEDIUM', 1.73, 'ACTIVE'),
(31, 2, 'Electromagnetic Waves', 17, 0.86, 'EASY', 0.86, 'ACTIVE'),
(32, 2, 'Ray Optics', 18, 2.59, 'MEDIUM', 2.59, 'ACTIVE'),
(33, 2, 'Wave Optics', 19, 1.73, 'MEDIUM', 1.73, 'ACTIVE'),
(34, 2, 'Modern Physics', 20, 3.45, 'HARD', 3.45, 'ACTIVE'),
(35, 3, 'Some Basic Concepts', 1, 1.29, 'MEDIUM', 1.29, 'ACTIVE'),
(36, 3, 'Atomic Structure', 2, 1.29, 'MEDIUM', 1.29, 'ACTIVE'),
(37, 3, 'Chemical Bonding', 3, 1.94, 'MEDIUM', 1.94, 'ACTIVE'),
(38, 3, 'Thermodynamics & Thermochemistry', 4, 1.62, 'MEDIUM', 1.62, 'ACTIVE'),
(39, 3, 'Solutions', 5, 1.29, 'MEDIUM', 1.29, 'ACTIVE'),
(40, 3, 'Equilibrium', 6, 2.16, 'MEDIUM', 2.16, 'ACTIVE'),
(41, 3, 'Redox & Electrochemistry', 7, 1.94, 'MEDIUM', 1.94, 'ACTIVE'),
(42, 3, 'Chemical Kinetics', 8, 1.62, 'MEDIUM', 1.62, 'ACTIVE'),
(43, 3, 'Surface Chemistry', 9, 0.65, 'EASY', 0.65, 'ACTIVE'),
(44, 3, 'Periodic Table & Periodicity', 10, 0.86, 'EASY', 0.86, 'ACTIVE'),
(45, 3, 's-Block & Hydrogen', 11, 0.76, 'EASY', 0.76, 'ACTIVE'),
(46, 3, 'p-Block Elements', 12, 1.94, 'MEDIUM', 1.94, 'ACTIVE'),
(47, 3, 'd & f-Block Elements', 13, 1.08, 'MEDIUM', 1.08, 'ACTIVE'),
(48, 3, 'Coordination Compounds', 14, 1.29, 'MEDIUM', 1.29, 'ACTIVE'),
(49, 3, 'General Organic Chemistry (GOC)', 15, 1.94, 'MEDIUM', 1.94, 'ACTIVE'),
(50, 3, 'Hydrocarbons', 16, 1.62, 'MEDIUM', 1.62, 'ACTIVE'),
(51, 3, 'Organic Functional Groups - I', 17, 1.62, 'MEDIUM', 1.62, 'ACTIVE'),
(52, 3, 'Organic Functional Groups - II', 18, 1.94, 'MEDIUM', 1.94, 'ACTIVE'),
(53, 3, 'Biomolecules, Polymers & Everyday', 19, 1.08, 'MEDIUM', 1.08, 'ACTIVE');

ALTER SEQUENCE chapters_id_seq RESTART WITH 54;

INSERT INTO sections (id, chapter_id, section_name, display_order, status) VALUES
(1, 1, '1.1 Sets', 1, 'ACTIVE'),
(2, 1, '1.2 Relations', 2, 'ACTIVE'),
(3, 1, '1.3 Functions', 3, 'ACTIVE'),
(4, 2, '2.1 Representation & Algebra', 1, 'ACTIVE'),
(5, 2, '2.2 Modulus, Argument & Applications', 2, 'ACTIVE'),
(6, 3, '3.1 Theory of Equations', 1, 'ACTIVE'),
(7, 4, '4.1 Matrices', 1, 'ACTIVE'),
(8, 4, '4.2 Determinants', 2, 'ACTIVE'),
(9, 5, '5.1 P&C', 1, 'ACTIVE'),
(10, 5, '5.2 Binomial Theorem', 2, 'ACTIVE'),
(11, 6, '6.1 Progressions', 1, 'ACTIVE'),
(12, 6, '6.2 AM-GM & Summation', 2, 'ACTIVE'),
(13, 7, '7.1 Identities & Equations', 1, 'ACTIVE'),
(14, 7, '7.2 Inverse Trigonometric Functions', 2, 'ACTIVE'),
(15, 8, '8.1 Straight Lines', 1, 'ACTIVE'),
(16, 8, '8.2 Circles', 2, 'ACTIVE'),
(17, 9, '9.1 Conic Sections', 1, 'ACTIVE'),
(18, 10, '10.1 Limits & Continuity', 1, 'ACTIVE'),
(19, 10, '10.2 Differentiation', 2, 'ACTIVE'),
(20, 10, '10.3 Applications', 3, 'ACTIVE'),
(21, 11, '11.1 Indefinite Integration', 1, 'ACTIVE'),
(22, 11, '11.2 Definite Integrals & Area', 2, 'ACTIVE'),
(23, 12, '12.1 Formation & Solution Methods', 1, 'ACTIVE'),
(24, 13, '13.1 Vector Algebra', 1, 'ACTIVE'),
(25, 13, '13.2 3D Geometry', 2, 'ACTIVE'),
(26, 14, '14.1 Statistics', 1, 'ACTIVE'),
(27, 14, '14.2 Probability', 2, 'ACTIVE'),
(28, 15, '1.1 Units & Dimensions', 1, 'ACTIVE'),
(29, 16, '2.1 Motion in Straight Line', 1, 'ACTIVE'),
(30, 16, '2.2 Motion in Plane', 2, 'ACTIVE'),
(31, 17, '3.1 Newton''s Laws & Applications', 1, 'ACTIVE'),
(32, 18, '4.1 Work-Energy Theorem', 1, 'ACTIVE'),
(33, 18, '4.2 Collisions & Applications', 2, 'ACTIVE'),
(34, 19, '5.1 Moment of Inertia & Torque', 1, 'ACTIVE'),
(35, 19, '5.2 Angular Momentum & Rotation', 2, 'ACTIVE'),
(36, 20, '6.1 Gravitation & Satellites', 1, 'ACTIVE'),
(37, 21, '7.1 Elasticity', 1, 'ACTIVE'),
(38, 21, '7.2 Fluid Mechanics', 2, 'ACTIVE'),
(39, 22, '8.1 Laws & Processes', 1, 'ACTIVE'),
(40, 23, '9.1 Kinetic Theory', 1, 'ACTIVE'),
(41, 24, '10.1 Simple Harmonic Motion', 1, 'ACTIVE'),
(42, 25, '11.1 Wave Motion & Doppler', 1, 'ACTIVE'),
(43, 26, '12.1 Electric Field & Gauss Law', 1, 'ACTIVE'),
(44, 26, '12.2 Potential & Capacitors', 2, 'ACTIVE'),
(45, 27, '13.1 DC Circuits', 1, 'ACTIVE'),
(46, 28, '14.1 Magnetic Field & Force', 1, 'ACTIVE'),
(47, 29, '15.1 EMI & Inductance', 1, 'ACTIVE'),
(48, 30, '16.1 AC Circuits', 1, 'ACTIVE'),
(49, 31, '17.1 EM Waves', 1, 'ACTIVE'),
(50, 32, '18.1 Geometrical Optics', 1, 'ACTIVE'),
(51, 33, '19.1 Wave Optics', 1, 'ACTIVE'),
(52, 34, '20.1 Dual Nature & Atoms', 1, 'ACTIVE'),
(53, 34, '20.2 Nuclei & Electronic Devices', 2, 'ACTIVE'),
(54, 35, '1.1 Mole Concept & Stoichiometry', 1, 'ACTIVE'),
(55, 36, '2.1 Atomic Models & Quantum Mechanics', 1, 'ACTIVE'),
(56, 37, '3.1 Ionic & Covalent', 1, 'ACTIVE'),
(57, 37, '3.2 Advanced Theories', 2, 'ACTIVE'),
(58, 38, '4.1 Laws & Energy Functions', 1, 'ACTIVE'),
(59, 39, '5.1 Colligative Properties', 1, 'ACTIVE'),
(60, 40, '6.1 Chemical Equilibrium', 1, 'ACTIVE'),
(61, 40, '6.2 Ionic Equilibrium', 2, 'ACTIVE'),
(62, 41, '7.1 Redox Reactions', 1, 'ACTIVE'),
(63, 41, '7.2 Electrochemistry', 2, 'ACTIVE'),
(64, 42, '8.1 Rate Laws & Mechanism', 1, 'ACTIVE'),
(65, 43, '9.1 Adsorption & Colloids', 1, 'ACTIVE'),
(66, 44, '10.1 Periodic Trends', 1, 'ACTIVE'),
(67, 45, '11.1 s-Block Elements', 1, 'ACTIVE'),
(68, 46, '12.1 p-Block Groups 13-18', 1, 'ACTIVE'),
(69, 47, '13.1 Transition & Inner Transition', 1, 'ACTIVE'),
(70, 48, '14.1 Coordination Chemistry', 1, 'ACTIVE'),
(71, 49, '15.1 GOC Concepts', 1, 'ACTIVE'),
(72, 50, '16.1 Hydrocarbons', 1, 'ACTIVE'),
(73, 51, '17.1 Halo, Alcohol, Phenol, Ether', 1, 'ACTIVE'),
(74, 52, '18.1 Carbonyl, Acids, Amines', 1, 'ACTIVE'),
(75, 53, '19.1 Biomolecules & Polymers', 1, 'ACTIVE');

ALTER SEQUENCE sections_id_seq RESTART WITH 76;

INSERT INTO subtopics (id, section_id, subtopic_name, display_order, status) VALUES
(1, 1, 'Set Operations & Venn Diagrams', 1, 'ACTIVE'),
(2, 1, 'Power Set & Properties', 2, 'ACTIVE'),
(3, 2, 'Types & Equivalence Relations', 1, 'ACTIVE'),
(4, 3, 'Types & Domain-Range', 1, 'ACTIVE'),
(5, 3, 'Composition & Inverse', 2, 'ACTIVE'),
(6, 4, 'Basic Operations & Argand Plane', 1, 'ACTIVE'),
(7, 5, 'Polar Form & Square Roots', 1, 'ACTIVE'),
(8, 6, 'Roots, Coefficients, Nature & Formation', 1, 'ACTIVE'),
(9, 7, 'Operations, Types, Inverse', 1, 'ACTIVE'),
(10, 8, 'Properties, Area, Linear Equations', 1, 'ACTIVE'),
(11, 9, 'Fundamental Principle & Applications', 1, 'ACTIVE'),
(12, 10, 'Expansion & Applications', 1, 'ACTIVE'),
(13, 11, 'AP, GP & Series', 1, 'ACTIVE'),
(14, 12, 'Special Series', 1, 'ACTIVE'),
(15, 13, 'Basic & Advanced Identities', 1, 'ACTIVE'),
(16, 14, 'Properties & Applications', 1, 'ACTIVE'),
(17, 15, 'Equations, Angles, Concurrence', 1, 'ACTIVE'),
(18, 16, 'Standard & General Equations', 1, 'ACTIVE'),
(19, 17, 'Parabola', 1, 'ACTIVE'),
(20, 17, 'Ellipse', 2, 'ACTIVE'),
(21, 17, 'Hyperbola', 3, 'ACTIVE'),
(22, 18, 'Evaluation & Theorems', 1, 'ACTIVE'),
(23, 19, 'Rules & Standard Derivatives', 1, 'ACTIVE'),
(24, 20, 'Maxima-Minima, Rate of Change', 1, 'ACTIVE'),
(25, 21, 'Techniques', 1, 'ACTIVE'),
(26, 22, 'Properties & Area under Curves', 1, 'ACTIVE'),
(27, 23, 'Variable Separation, Homogeneous, Linear', 1, 'ACTIVE'),
(28, 24, 'Products & Applications', 1, 'ACTIVE'),
(29, 25, 'Lines, Planes, Shortest Distance', 1, 'ACTIVE'),
(30, 26, 'Mean, Median, SD, Variance', 1, 'ACTIVE'),
(31, 27, 'Theorems & Distributions', 1, 'ACTIVE'),
(32, 28, 'SI Units, Errors, Significant Figures', 1, 'ACTIVE'),
(33, 29, 'Graphs & Equations', 1, 'ACTIVE'),
(34, 30, 'Projectile & Circular Motion', 1, 'ACTIVE'),
(35, 31, 'Momentum, Impulse, Friction', 1, 'ACTIVE'),
(36, 32, 'Work, KE, PE, Power', 1, 'ACTIVE'),
(37, 33, 'Elastic/Inelastic, Vertical Circle', 1, 'ACTIVE'),
(38, 34, 'MI, Theorems, Torque', 1, 'ACTIVE'),
(39, 35, 'Conservation & Rolling', 1, 'ACTIVE'),
(40, 36, 'Field, Potential, Kepler, Escape Velocity', 1, 'ACTIVE'),
(41, 37, 'Stress-Strain, Moduli', 1, 'ACTIVE'),
(42, 38, 'Viscosity, Bernoulli, Surface Tension', 1, 'ACTIVE'),
(43, 39, 'Zeroth, First, Second Law', 1, 'ACTIVE'),
(44, 40, 'Ideal Gas, RMS, Degrees of Freedom', 1, 'ACTIVE'),
(45, 41, 'SHM, Spring, Pendulum', 1, 'ACTIVE'),
(46, 42, 'Superposition, Standing Waves, Doppler', 1, 'ACTIVE'),
(47, 43, 'Field, Flux, Gauss Applications', 1, 'ACTIVE'),
(48, 44, 'Potential, Capacitance, Energy', 1, 'ACTIVE'),
(49, 45, 'Ohm''s Law, Kirchhoff, Cells, Power', 1, 'ACTIVE'),
(50, 46, 'Biot-Savart, Ampere, Force on Conductor', 1, 'ACTIVE'),
(51, 47, 'Faraday, Lenz, Self & Mutual', 1, 'ACTIVE'),
(52, 48, 'RMS, LCR, Resonance, Transformers', 1, 'ACTIVE'),
(53, 49, 'Spectrum & Applications', 1, 'ACTIVE'),
(54, 50, 'Reflection, Refraction, Lenses, Prism', 1, 'ACTIVE'),
(55, 51, 'Interference, Diffraction, Polarization', 1, 'ACTIVE'),
(56, 52, 'Photoelectric, de Broglie, Bohr Model', 1, 'ACTIVE'),
(57, 53, 'Radioactivity, Semiconductors, Logic Gates', 1, 'ACTIVE'),
(58, 54, 'Mole, Laws, Empirical Formula, Limiting Reagent', 1, 'ACTIVE'),
(59, 55, 'Bohr, Quantum Numbers, Configuration', 1, 'ACTIVE'),
(60, 56, 'Ionic, Covalent, VSEPR', 1, 'ACTIVE'),
(61, 57, 'Hybridization, MOT, Resonance', 1, 'ACTIVE'),
(62, 58, 'Enthalpy, Entropy, Gibbs Energy', 1, 'ACTIVE'),
(63, 59, 'Raoult''s Law, van''t Hoff Factor', 1, 'ACTIVE'),
(64, 60, 'Kp, Kc, Le Chatelier', 1, 'ACTIVE'),
(65, 61, 'Acids, Bases, Buffers, Solubility Product', 1, 'ACTIVE'),
(66, 62, 'Oxidation Number, Balancing', 1, 'ACTIVE'),
(67, 63, 'Nernst, Conductance, Batteries', 1, 'ACTIVE'),
(68, 64, 'Order, Arrhenius, Collision Theory', 1, 'ACTIVE'),
(69, 65, 'Adsorption, Colloids, Catalysis', 1, 'ACTIVE'),
(70, 66, 'Trends in Properties', 1, 'ACTIVE'),
(71, 67, 'Properties & Compounds', 1, 'ACTIVE'),
(72, 68, 'Key Compounds & Reactions', 1, 'ACTIVE'),
(73, 69, 'Properties & Compounds', 1, 'ACTIVE'),
(74, 70, 'Nomenclature, Isomerism, Bonding', 1, 'ACTIVE'),
(75, 71, 'Resonance, Effects, Intermediates', 1, 'ACTIVE'),
(76, 72, 'Alkanes to Aromatic', 1, 'ACTIVE'),
(77, 73, 'Preparation & Reactions', 1, 'ACTIVE'),
(78, 74, 'Aldehyde, Ketone, Carboxylic Acid, Amines', 1, 'ACTIVE'),
(79, 75, 'Carbohydrates, Proteins, Polymers', 1, 'ACTIVE');

ALTER SEQUENCE subtopics_id_seq RESTART WITH 80;

INSERT INTO learning_items (id, subtopic_id, item_name, item_description, display_order, importance_weight, mains_weight, advanced_weight, difficulty_level, estimated_hours, status) VALUES
(1, 1, 'Set Operations & Venn Diagrams', 'Mathematics / Sets, Relations and Functions / 1.1 Sets', 1, 0.64, 1, 1, 'EASY', 0.64, 'ACTIVE'),
(2, 2, 'Power Set & Properties', 'Mathematics / Sets, Relations and Functions / 1.1 Sets', 1, 0.38, 1, 1, 'EASY', 0.38, 'ACTIVE'),
(3, 3, 'Types & Equivalence Relations', 'Mathematics / Sets, Relations and Functions / 1.2 Relations', 1, 0.54, 1, 1, 'EASY', 0.54, 'ACTIVE'),
(4, 4, 'Types & Domain-Range', 'Mathematics / Sets, Relations and Functions / 1.3 Functions', 1, 0.64, 1, 1, 'EASY', 0.64, 'ACTIVE'),
(5, 5, 'Composition & Inverse', 'Mathematics / Sets, Relations and Functions / 1.3 Functions', 1, 0.75, 1, 1, 'EASY', 0.75, 'ACTIVE'),
(6, 6, 'Basic Operations & Argand Plane', 'Mathematics / Complex Numbers / 2.1 Representation & Algebra', 1, 0.97, 1, 1, 'EASY', 0.97, 'ACTIVE'),
(7, 7, 'Polar Form & Square Roots', 'Mathematics / Complex Numbers / 2.2 Modulus, Argument & Applications', 1, 1.41, 1, 1, 'MEDIUM', 1.41, 'ACTIVE'),
(8, 8, 'Roots, Coefficients, Nature & Formation', 'Mathematics / Quadratic Equations / 3.1 Theory of Equations', 1, 1.73, 1, 1, 'MEDIUM', 1.73, 'ACTIVE'),
(9, 9, 'Operations, Types, Inverse', 'Mathematics / Matrices and Determinants / 4.1 Matrices', 1, 1.19, 1, 1, 'MEDIUM', 1.19, 'ACTIVE'),
(10, 10, 'Properties, Area, Linear Equations', 'Mathematics / Matrices and Determinants / 4.2 Determinants', 1, 1.52, 1, 1, 'MEDIUM', 1.52, 'ACTIVE'),
(11, 11, 'Fundamental Principle & Applications', 'Mathematics / Permutations, Combinations & Binomial / 5.1 P&C', 1, 1.08, 1, 1, 'MEDIUM', 1.08, 'ACTIVE'),
(12, 12, 'Expansion & Applications', 'Mathematics / Permutations, Combinations & Binomial / 5.2 Binomial Theorem', 1, 1.08, 1, 1, 'MEDIUM', 1.08, 'ACTIVE'),
(13, 13, 'AP, GP & Series', 'Mathematics / Sequence and Series / 6.1 Progressions', 1, 1.3, 1, 1, 'MEDIUM', 1.3, 'ACTIVE'),
(14, 14, 'Special Series', 'Mathematics / Sequence and Series / 6.2 AM-GM & Summation', 1, 1.08, 1, 1, 'MEDIUM', 1.08, 'ACTIVE'),
(15, 15, 'Basic & Advanced Identities', 'Mathematics / Trigonometry / 7.1 Identities & Equations', 1, 1.62, 1, 1, 'MEDIUM', 1.62, 'ACTIVE'),
(16, 16, 'Properties & Applications', 'Mathematics / Trigonometry / 7.2 Inverse Trigonometric Functions', 1, 1.41, 1, 1, 'MEDIUM', 1.41, 'ACTIVE'),
(17, 17, 'Equations, Angles, Concurrence', 'Mathematics / Coordinate Geometry (Lines & Circles) / 8.1 Straight Lines', 1, 1.62, 1, 1, 'MEDIUM', 1.62, 'ACTIVE'),
(18, 18, 'Standard & General Equations', 'Mathematics / Coordinate Geometry (Lines & Circles) / 8.2 Circles', 1, 1.83, 1, 1, 'MEDIUM', 1.83, 'ACTIVE'),
(19, 19, 'Parabola', 'Mathematics / Conic Sections / 9.1 Conic Sections', 1, 1.94, 1, 1, 'MEDIUM', 1.94, 'ACTIVE'),
(20, 20, 'Ellipse', 'Mathematics / Conic Sections / 9.1 Conic Sections', 1, 2.16, 1, 1, 'MEDIUM', 2.16, 'ACTIVE'),
(21, 21, 'Hyperbola', 'Mathematics / Conic Sections / 9.1 Conic Sections', 1, 1.94, 1, 1, 'MEDIUM', 1.94, 'ACTIVE'),
(22, 22, 'Evaluation & Theorems', 'Mathematics / Limit, Continuity & Differentiability / 10.1 Limits & Continuity', 1, 1.08, 1, 1, 'MEDIUM', 1.08, 'ACTIVE'),
(23, 23, 'Rules & Standard Derivatives', 'Mathematics / Limit, Continuity & Differentiability / 10.2 Differentiation', 1, 1.62, 1, 1, 'MEDIUM', 1.62, 'ACTIVE'),
(24, 24, 'Maxima-Minima, Rate of Change', 'Mathematics / Limit, Continuity & Differentiability / 10.3 Applications', 1, 2.16, 1, 1, 'MEDIUM', 2.16, 'ACTIVE'),
(25, 25, 'Techniques', 'Mathematics / Integral Calculus / 11.1 Indefinite Integration', 1, 1.94, 1, 1, 'MEDIUM', 1.94, 'ACTIVE'),
(26, 26, 'Properties & Area under Curves', 'Mathematics / Integral Calculus / 11.2 Definite Integrals & Area', 1, 2.91, 1, 1, 'MEDIUM', 2.91, 'ACTIVE'),
(27, 27, 'Variable Separation, Homogeneous, Linear', 'Mathematics / Differential Equations / 12.1 Formation & Solution Methods', 1, 2.37, 1, 1, 'MEDIUM', 2.37, 'ACTIVE'),
(28, 28, 'Products & Applications', 'Mathematics / Vector Algebra & 3D Geometry / 13.1 Vector Algebra', 1, 1.52, 1, 1, 'MEDIUM', 1.52, 'ACTIVE'),
(29, 29, 'Lines, Planes, Shortest Distance', 'Mathematics / Vector Algebra & 3D Geometry / 13.2 3D Geometry', 1, 1.72, 1, 1, 'MEDIUM', 1.72, 'ACTIVE'),
(30, 30, 'Mean, Median, SD, Variance', 'Mathematics / Statistics and Probability / 14.1 Statistics', 1, 1.08, 1, 1, 'MEDIUM', 1.08, 'ACTIVE'),
(31, 31, 'Theorems & Distributions', 'Mathematics / Statistics and Probability / 14.2 Probability', 1, 2.16, 1, 1, 'MEDIUM', 2.16, 'ACTIVE'),
(32, 32, 'SI Units, Errors, Significant Figures', 'Physics / Units and Measurements / 1.1 Units & Dimensions', 1, 0.86, 1, 1, 'EASY', 0.86, 'ACTIVE'),
(33, 33, 'Graphs & Equations', 'Physics / Kinematics / 2.1 Motion in Straight Line', 1, 1.08, 1, 1, 'MEDIUM', 1.08, 'ACTIVE'),
(34, 34, 'Projectile & Circular Motion', 'Physics / Kinematics / 2.2 Motion in Plane', 1, 1.52, 1, 1, 'MEDIUM', 1.52, 'ACTIVE'),
(35, 35, 'Momentum, Impulse, Friction', 'Physics / Laws of Motion / 3.1 Newton''s Laws & Applications', 1, 2.16, 1, 1, 'MEDIUM', 2.16, 'ACTIVE'),
(36, 36, 'Work, KE, PE, Power', 'Physics / Work, Energy and Power / 4.1 Work-Energy Theorem', 1, 1.3, 1, 1, 'MEDIUM', 1.3, 'ACTIVE'),
(37, 37, 'Elastic/Inelastic, Vertical Circle', 'Physics / Work, Energy and Power / 4.2 Collisions & Applications', 1, 1.3, 1, 1, 'MEDIUM', 1.3, 'ACTIVE'),
(38, 38, 'MI, Theorems, Torque', 'Physics / Rotational Motion / 5.1 Moment of Inertia & Torque', 1, 1.62, 1, 1, 'MEDIUM', 1.62, 'ACTIVE'),
(39, 39, 'Conservation & Rolling', 'Physics / Rotational Motion / 5.2 Angular Momentum & Rotation', 1, 1.62, 1, 1, 'MEDIUM', 1.62, 'ACTIVE'),
(40, 40, 'Field, Potential, Kepler, Escape Velocity', 'Physics / Gravitation / 6.1 Gravitation & Satellites', 1, 1.72, 1, 1, 'MEDIUM', 1.72, 'ACTIVE'),
(41, 41, 'Stress-Strain, Moduli', 'Physics / Properties of Solids and Liquids / 7.1 Elasticity', 1, 0.98, 1, 1, 'EASY', 0.98, 'ACTIVE'),
(42, 42, 'Viscosity, Bernoulli, Surface Tension', 'Physics / Properties of Solids and Liquids / 7.2 Fluid Mechanics', 1, 1.62, 1, 1, 'MEDIUM', 1.62, 'ACTIVE'),
(43, 43, 'Zeroth, First, Second Law', 'Physics / Thermodynamics / 8.1 Laws & Processes', 1, 2.16, 1, 1, 'MEDIUM', 2.16, 'ACTIVE'),
(44, 44, 'Ideal Gas, RMS, Degrees of Freedom', 'Physics / Kinetic Theory of Gases / 9.1 Kinetic Theory', 1, 1.08, 1, 1, 'MEDIUM', 1.08, 'ACTIVE'),
(45, 45, 'SHM, Spring, Pendulum', 'Physics / Oscillations / 10.1 Simple Harmonic Motion', 1, 1.72, 1, 1, 'MEDIUM', 1.72, 'ACTIVE'),
(46, 46, 'Superposition, Standing Waves, Doppler', 'Physics / Waves / 11.1 Wave Motion & Doppler', 1, 1.52, 1, 1, 'MEDIUM', 1.52, 'ACTIVE'),
(47, 47, 'Field, Flux, Gauss Applications', 'Physics / Electrostatics / 12.1 Electric Field & Gauss Law', 1, 1.52, 1, 1, 'MEDIUM', 1.52, 'ACTIVE'),
(48, 48, 'Potential, Capacitance, Energy', 'Physics / Electrostatics / 12.2 Potential & Capacitors', 1, 1.72, 1, 1, 'MEDIUM', 1.72, 'ACTIVE'),
(49, 49, 'Ohm''s Law, Kirchhoff, Cells, Power', 'Physics / Current Electricity / 13.1 DC Circuits', 1, 2.58, 1, 1, 'MEDIUM', 2.58, 'ACTIVE'),
(50, 50, 'Biot-Savart, Ampere, Force on Conductor', 'Physics / Magnetic Effects & Magnetism / 14.1 Magnetic Field & Force', 1, 2.58, 1, 1, 'MEDIUM', 2.58, 'ACTIVE'),
(51, 51, 'Faraday, Lenz, Self & Mutual', 'Physics / Electromagnetic Induction / 15.1 EMI & Inductance', 1, 2.16, 1, 1, 'MEDIUM', 2.16, 'ACTIVE'),
(52, 52, 'RMS, LCR, Resonance, Transformers', 'Physics / Alternating Currents / 16.1 AC Circuits', 1, 1.72, 1, 1, 'MEDIUM', 1.72, 'ACTIVE'),
(53, 53, 'Spectrum & Applications', 'Physics / Electromagnetic Waves / 17.1 EM Waves', 1, 0.86, 1, 1, 'EASY', 0.86, 'ACTIVE'),
(54, 54, 'Reflection, Refraction, Lenses, Prism', 'Physics / Ray Optics / 18.1 Geometrical Optics', 1, 2.58, 1, 1, 'MEDIUM', 2.58, 'ACTIVE'),
(55, 55, 'Interference, Diffraction, Polarization', 'Physics / Wave Optics / 19.1 Wave Optics', 1, 1.72, 1, 1, 'MEDIUM', 1.72, 'ACTIVE'),
(56, 56, 'Photoelectric, de Broglie, Bohr Model', 'Physics / Modern Physics / 20.1 Dual Nature & Atoms', 1, 1.62, 1, 1, 'MEDIUM', 1.62, 'ACTIVE'),
(57, 57, 'Radioactivity, Semiconductors, Logic Gates', 'Physics / Modern Physics / 20.2 Nuclei & Electronic Devices', 1, 1.83, 1, 1, 'MEDIUM', 1.83, 'ACTIVE'),
(58, 58, 'Mole, Laws, Empirical Formula, Limiting Reagent', 'Chemistry / Some Basic Concepts / 1.1 Mole Concept & Stoichiometry', 1, 1.3, 1, 1, 'MEDIUM', 1.3, 'ACTIVE'),
(59, 59, 'Bohr, Quantum Numbers, Configuration', 'Chemistry / Atomic Structure / 2.1 Atomic Models & Quantum Mechanics', 1, 1.3, 1, 1, 'MEDIUM', 1.3, 'ACTIVE'),
(60, 60, 'Ionic, Covalent, VSEPR', 'Chemistry / Chemical Bonding / 3.1 Ionic & Covalent', 1, 0.86, 1, 1, 'EASY', 0.86, 'ACTIVE'),
(61, 61, 'Hybridization, MOT, Resonance', 'Chemistry / Chemical Bonding / 3.2 Advanced Theories', 1, 1.08, 1, 1, 'MEDIUM', 1.08, 'ACTIVE'),
(62, 62, 'Enthalpy, Entropy, Gibbs Energy', 'Chemistry / Thermodynamics & Thermochemistry / 4.1 Laws & Energy Functions', 1, 1.62, 1, 1, 'MEDIUM', 1.62, 'ACTIVE'),
(63, 63, 'Raoult''s Law, van''t Hoff Factor', 'Chemistry / Solutions / 5.1 Colligative Properties', 1, 1.3, 1, 1, 'MEDIUM', 1.3, 'ACTIVE'),
(64, 64, 'Kp, Kc, Le Chatelier', 'Chemistry / Equilibrium / 6.1 Chemical Equilibrium', 1, 1.08, 1, 1, 'MEDIUM', 1.08, 'ACTIVE'),
(65, 65, 'Acids, Bases, Buffers, Solubility Product', 'Chemistry / Equilibrium / 6.2 Ionic Equilibrium', 1, 1.08, 1, 1, 'MEDIUM', 1.08, 'ACTIVE'),
(66, 66, 'Oxidation Number, Balancing', 'Chemistry / Redox & Electrochemistry / 7.1 Redox Reactions', 1, 0.86, 1, 1, 'EASY', 0.86, 'ACTIVE'),
(67, 67, 'Nernst, Conductance, Batteries', 'Chemistry / Redox & Electrochemistry / 7.2 Electrochemistry', 1, 1.08, 1, 1, 'MEDIUM', 1.08, 'ACTIVE'),
(68, 68, 'Order, Arrhenius, Collision Theory', 'Chemistry / Chemical Kinetics / 8.1 Rate Laws & Mechanism', 1, 1.62, 1, 1, 'MEDIUM', 1.62, 'ACTIVE'),
(69, 69, 'Adsorption, Colloids, Catalysis', 'Chemistry / Surface Chemistry / 9.1 Adsorption & Colloids', 1, 0.64, 1, 1, 'EASY', 0.64, 'ACTIVE'),
(70, 70, 'Trends in Properties', 'Chemistry / Periodic Table & Periodicity / 10.1 Periodic Trends', 1, 0.86, 1, 1, 'EASY', 0.86, 'ACTIVE'),
(71, 71, 'Properties & Compounds', 'Chemistry / s-Block & Hydrogen / 11.1 s-Block Elements', 1, 0.76, 1, 1, 'EASY', 0.76, 'ACTIVE'),
(72, 72, 'Key Compounds & Reactions', 'Chemistry / p-Block Elements / 12.1 p-Block Groups 13-18', 1, 1.94, 1, 1, 'MEDIUM', 1.94, 'ACTIVE'),
(73, 73, 'Properties & Compounds', 'Chemistry / d & f-Block Elements / 13.1 Transition & Inner Transition', 1, 1.08, 1, 1, 'MEDIUM', 1.08, 'ACTIVE'),
(74, 74, 'Nomenclature, Isomerism, Bonding', 'Chemistry / Coordination Compounds / 14.1 Coordination Chemistry', 1, 1.3, 1, 1, 'MEDIUM', 1.3, 'ACTIVE'),
(75, 75, 'Resonance, Effects, Intermediates', 'Chemistry / General Organic Chemistry (GOC) / 15.1 GOC Concepts', 1, 1.94, 1, 1, 'MEDIUM', 1.94, 'ACTIVE'),
(76, 76, 'Alkanes to Aromatic', 'Chemistry / Hydrocarbons / 16.1 Hydrocarbons', 1, 1.62, 1, 1, 'MEDIUM', 1.62, 'ACTIVE'),
(77, 77, 'Preparation & Reactions', 'Chemistry / Organic Functional Groups - I / 17.1 Halo, Alcohol, Phenol, Ether', 1, 1.62, 1, 1, 'MEDIUM', 1.62, 'ACTIVE'),
(78, 78, 'Aldehyde, Ketone, Carboxylic Acid, Amines', 'Chemistry / Organic Functional Groups - II / 18.1 Carbonyl, Acids, Amines', 1, 1.94, 1, 1, 'MEDIUM', 1.94, 'ACTIVE'),
(79, 79, 'Carbohydrates, Proteins, Polymers', 'Chemistry / Biomolecules, Polymers & Everyday / 19.1 Biomolecules & Polymers', 1, 1.08, 1, 1, 'MEDIUM', 1.08, 'ACTIVE');

ALTER SEQUENCE learning_items_id_seq RESTART WITH 80;

INSERT INTO student_learning_status (id, student_user_id, learning_item_id, learning_status, completion_percentage, confidence_score, revision_count, revision_due_date, hours_spent, notes) VALUES
(1, 2, 8, 'COMPLETED', 100, 5, 0, '2026-06-01', 1.73, 'Seeded completed progress'),
(2, 2, 1, 'REVISED', 100, 5, 1, NULL, 0.65, 'Seeded revised progress'),
(3, 2, 6, 'PRACTICING', 60, 4, 0, NULL, 0.58, 'Seeded practicing progress'),
(4, 3, 33, 'PRACTICING', 60, 3, 0, NULL, 0.65, 'Seeded practicing progress'),
(5, 3, 34, 'LEARNING', 25, 2, 0, NULL, 0.38, 'Seeded learning progress'),
(6, 3, 35, 'NOT_STARTED', 0, 1, 0, NULL, 0, 'Seeded not started progress'),
(7, 4, 58, 'LEARNING', 20, 2, 0, NULL, 0.35, 'Seeded learning progress'),
(8, 4, 59, 'NOT_STARTED', 0, 1, 0, NULL, 0, 'Seeded not started progress'),
(9, 5, 4, 'NOT_STARTED', 0, 1, 0, NULL, 0, 'Seeded not started progress'),
(10, 6, 32, 'NOT_STARTED', 0, 1, 0, NULL, 0, 'Seeded not started progress');

ALTER SEQUENCE student_learning_status_id_seq RESTART WITH 11;

-- readiness_scores is intentionally left unseeded: it's a computed cache (one row per
-- student+exam, enforced by uq_student_exam_readiness) populated on demand by
-- App::Services::Readiness#compute! rather than hand-authored data. The original seed
-- source had multiple historical rows per student/exam pair, which violates that
-- constraint outright.
